@_fa,prism:url,eid,dc:title,dc:creator,prism:publicationName,prism:issn,prism:volume,prism:pageRange,prism:coverDate,prism:coverDisplayDate,prism:doi,citedby-count,affiliation,prism:aggregationType,subtype,subtypeDescription,openaccess,openaccessFlag,prism:eIssn,freetoread,freetoreadLabel,prism:issueIdentifier
true,https://api.elsevier.com/content/abstract/scopus_id/105026652631,2-s2.0-105026652631,Unexpected solidification cracking behavior in yttrium-modified Hastelloy-X superalloy fabricated by direct energy deposition,Jiao D.,Journal of Materials Science and Technology,10050302,267,1-12,2026-10-01,1 October 2026,10.1016/j.jmst.2025.12.039,0,"[{'@_fa': 'true', 'affilname': 'Nanjing University of Science and Technology', 'affiliation-city': 'Nanjing', 'affiliation-country': 'China'}, {'@_fa': 'true', 'affilname': 'State Key Laboratory of Solidification Processing', 'affiliation-city': ""Xi'an"", 'affiliation-country': 'China'}, {'@_fa': 'true', 'affilname': 'Shanghai Institute of Microsystem and Information Technology Chinese Academy of Sciences', 'affiliation-city': 'Shanghai', 'affiliation-country': 'China'}, {'@_fa': 'true', 'affilname': 'AECC Commercial Aircraft Engine Co., Ltd', 'affiliation-city': 'Shanghai', 'affiliation-country': 'China'}, {'@_fa': 'true', 'affilname': 'Ltd.', 'affiliation-city': ""Xi'an"", 'affiliation-country': 'China'}]",Journal,ar,Article,0,False,,,,
true,https://api.elsevier.com/content/abstract/scopus_id/105026964735,2-s2.0-105026964735,Process gas influence on Very-High-Cycle fatigue response of Inconel 718 fabricated by laser powder bed fusion,Rauf A.,International Journal of Fatigue,01421123,206,,2026-05-01,May 2026,10.1016/j.ijfatigue.2025.109460,0,"[{'@_fa': 'true', 'affilname': 'KU Leuven', 'affiliation-city': 'Leuven', 'affiliation-country': 'Belgium'}, {'@_fa': 'true', 'affilname': 'Samuel Ginn College of Engineering', 'affiliation-city': 'Auburn', 'affiliation-country': 'United States'}]",Journal,ar,Article,0,False,,,,
true,https://api.elsevier.com/content/abstract/scopus_id/105025350312,2-s2.0-105025350312,Synergistic effects of γ’/γ’’ precipitates and grain boundary engineering on high-temperature fatigue behavior in GH4169-CoZr superalloys: Multiscale mechanisms,Li R.,International Journal of Fatigue,01421123,206,,2026-05-01,May 2026,10.1016/j.ijfatigue.2025.109441,0,"[{'@_fa': 'true', 'affilname': 'Southeast University', 'affiliation-city': 'Nanjing', 'affiliation-country': 'China'}, {'@_fa': 'true', 'affilname': 'Nanjing Forestry University', 'affiliation-city': 'Nanjing', 'affiliation-country': 'China'}, {'@_fa': 'true', 'affilname': 'Institute of Metal Research Chinese Academy of Sciences', 'affiliation-city': 'Shenyang', 'affiliation-country': 'China'}, {'@_fa': 'true', 'affilname': 'Institute of Corrosion Science and Technology', 'affiliation-city': 'Guangzhou', 'affiliation-country': 'China'}]",Journal,ar,Article,0,False,,,,
true,https://api.elsevier.com/content/abstract/scopus_id/105027244896,2-s2.0-105027244896,Optimized processing parameters for crack-free fabrication of unweldable Inconel 738LC via directed energy deposition,Ekubaru Y.,Optics and Laser Technology,00303992,196,,2026-04-01,April 2026,10.1016/j.optlastec.2026.114727,0,"[{'@_fa': 'true', 'affilname': 'Nikon Corporation', 'affiliation-city': 'Tokyo', 'affiliation-country': 'Japan'}, {'@_fa': 'true', 'affilname': 'Technology Nikon AM', 'affiliation-city': 'Long Beach', 'affiliation-country': 'United States'}]",Journal,ar,Article,1,True,,,,
true,https://api.elsevier.com/content/abstract/scopus_id/105027568074,2-s2.0-105027568074,A theoretical model for predicting multi-cracking susceptibility in Ni-based superalloys fabricated by additive manufacturing,Li M.,Journal of Materials Processing Technology,09240136,349,,2026-03-01,March 2026,10.1016/j.jmatprotec.2026.119219,0,"[{'@_fa': 'true', 'affilname': 'State Key Laboratory for Manufacturing Systems Engineering', 'affiliation-city': ""Xi'an"", 'affiliation-country': 'China'}]",Journal,ar,Article,0,False,18734774,,,
true,https://api.elsevier.com/content/abstract/scopus_id/105025908571,2-s2.0-105025908571,"Review of high-entropy superalloys: design, microstructure, and properties",Muhammad A.,Materials Chemistry and Physics,02540584,351,,2026-03-01,1 March 2026,10.1016/j.matchemphys.2025.131962,0,"[{'@_fa': 'true', 'affilname': 'Yeungnam University', 'affiliation-city': 'Gyeongsan', 'affiliation-country': 'South Korea'}]",Journal,ar,Article,0,False,,,,
true,https://api.elsevier.com/content/abstract/scopus_id/105025723047,2-s2.0-105025723047,Enhanced creep resistance of additively manufactured UNS N07001 by electron beam melting,Takakuwa R.,Materialia,,45,,2026-03-01,March 2026,10.1016/j.mtla.2025.102638,0,"[{'@_fa': 'true', 'affilname': 'Institute of Science Tokyo', 'affiliation-city': 'Tokyo', 'affiliation-country': 'Japan'}, {'@_fa': 'true', 'affilname': 'Ebara Corporation', 'affiliation-city': 'Tokyo', 'affiliation-country': 'Japan'}]",Journal,ar,Article,1,True,25891529,"{'value': [{'$': 'all'}, {'$': 'publisherhybridgold'}]}","{'value': [{'$': 'All Open Access'}, {'$': 'Hybrid Gold'}]}",
true,https://api.elsevier.com/content/abstract/scopus_id/105025551496,2-s2.0-105025551496,Additive manufacturing of nickel superalloys: A critical review of recent advances and future perspectives,Saleh B.,Applied Materials Today,23529407,48,,2026-02-01,February 2026,10.1016/j.apmt.2025.103051,0,"[{'@_fa': 'true', 'affilname': 'Nanjing University of Aeronautics and Astronautics', 'affiliation-city': 'Nanjing', 'affiliation-country': 'China'}, {'@_fa': 'true', 'affilname': 'Faculty of Engineering', 'affiliation-city': 'Alexandria', 'affiliation-country': 'Egypt'}]",Journal,re,Review,0,False,23529415,,,
true,https://api.elsevier.com/content/abstract/scopus_id/105027046735,2-s2.0-105027046735,On the anisotropic creep behavior of a Ni-base superalloy CM247LC manufactured by powder bed fusion – laser beam,Fardan A.,Materials Science and Engineering A,09215093,953,,2026-02-01,February 2026,10.1016/j.msea.2025.149707,0,"[{'@_fa': 'true', 'affilname': 'Chalmers University of Technology', 'affiliation-city': 'Gothenburg', 'affiliation-country': 'Sweden'}, {'@_fa': 'true', 'affilname': 'Linköpings Universitet', 'affiliation-city': 'Linkoping', 'affiliation-country': 'Sweden'}, {'@_fa': 'true', 'affilname': 'Siemens Energy AB', 'affiliation-city': 'Finspang', 'affiliation-country': 'Sweden'}, {'@_fa': 'true', 'affilname': 'EOS Electro Optical Systems Finland Oy', 'affiliation-city': 'Turku', 'affiliation-country': 'Finland'}, {'@_fa': 'true', 'affilname': 'Quintus Technologies AB', 'affiliation-city': 'Vasteras', 'affiliation-country': 'Sweden'}]",Journal,ar,Article,0,False,,,,
true,https://api.elsevier.com/content/abstract/scopus_id/105027086534,2-s2.0-105027086534,"Metallic lattice structures via additive manufacturing: Applications, challenges and opportunities in aerospace and defence",Akula S.B.,Journal of Manufacturing Processes,15266125,157,1308-1336,2026-01-17,17 January 2026,10.1016/j.jmapro.2025.12.045,0,"[{'@_fa': 'true', 'affilname': 'Gyeongsang National University', 'affiliation-city': 'Jinju', 'affiliation-country': 'South Korea'}, {'@_fa': 'true', 'affilname': 'Indian Institute of Technology Hyderabad', 'affiliation-city': 'Sangareddy', 'affiliation-country': 'India'}, {'@_fa': 'true', 'affilname': 'Indian Institute of Information Technology Design and Manufacturing Kurnool', 'affiliation-city': 'Kurnool', 'affiliation-country': 'India'}, {'@_fa': 'true', 'affilname': 'DRDO Combat Vehicles Research and Development Establishment', 'affiliation-city': 'Chennai', 'affiliation-country': 'India'}, {'@_fa': 'true', 'affilname': 'Vasireddy Venkatadri International Technological University', 'affiliation-city': 'Guntur', 'affiliation-country': 'India'}]",Journal,re,Review,0,False,,,,
true,https://api.elsevier.com/content/abstract/scopus_id/105027103089,2-s2.0-105027103089,Macroscale simulation and experimental correlation of Wire Arc Additive Manufacturing of IN-82 superalloy,Kumar R.,Journal of Alloys and Compounds,09258388,1050,,2026-01-15,15 January 2026,10.1016/j.jallcom.2025.185869,0,"[{'@_fa': 'true', 'affilname': 'Indian Institute of Technology (Indian School of Mines), Dhanbad', 'affiliation-city': 'Dhanbad', 'affiliation-country': 'India'}]",Journal,ar,Article,0,False,,,,
true,https://api.elsevier.com/content/abstract/scopus_id/105027131927,2-s2.0-105027131927,Microstructural evolution and mechanical behavior of additively manufactured IN939 superalloy at room and elevated temperatures,Shahwaz M.,Journal of Alloys and Compounds,09258388,1050,,2026-01-15,15 January 2026,10.1016/j.jallcom.2026.185949,0,"[{'@_fa': 'true', 'affilname': 'Indian Institute of Technology Kharagpur', 'affiliation-city': 'Kharagpur', 'affiliation-country': 'India'}, {'@_fa': 'true', 'affilname': 'Dublin City University', 'affiliation-city': 'Dublin', 'affiliation-country': 'Ireland'}, {'@_fa': 'true', 'affilname': 'ANSYS, Inc.', 'affiliation-city': 'Canonsburg', 'affiliation-country': 'United States'}]",Journal,ar,Article,0,False,,,,
true,https://api.elsevier.com/content/abstract/scopus_id/105027803177,2-s2.0-105027803177,"Review on Additive Manufacturing of Nickel-Based Single-Crystal Superalloys: Epitaxial Growth, Crack Mitigation, and Performance Correlation",Li C.,JOM,10474838,,,2026-01-01,2026,10.1007/s11837-025-08103-6,0,"[{'@_fa': 'true', 'affilname': 'University of Chinese Academy of Sciences', 'affiliation-city': 'Beijing', 'affiliation-country': 'China'}, {'@_fa': 'true', 'affilname': 'Institute of Metal Research Chinese Academy of Sciences', 'affiliation-city': 'Shenyang', 'affiliation-country': 'China'}, {'@_fa': 'true', 'affilname': 'Chongqing Jiaotong University', 'affiliation-city': 'Chongqing', 'affiliation-country': 'China'}, {'@_fa': 'true', 'affilname': 'Chongqing Institute of Green and Intelligent Technology', 'affiliation-city': 'Chongqing', 'affiliation-country': 'China'}, {'@_fa': 'true', 'affilname': 'Chongqing Key Laboratory of Additive Manufacturing Technology and Systems', 'affiliation-city': 'Chongqing', 'affiliation-country': 'China'}]",Journal,re,Review,0,False,15431851,,,
true,https://api.elsevier.com/content/abstract/scopus_id/105026508156,2-s2.0-105026508156,Correlating Part Geometry to Microstructures in Electron Powder Bed Fusion Additive Manufacturing of Alloy 718,Haines M.P.,Metallurgical and Materials Transactions A Physical Metallurgy and Materials Science,10735623,,,2026-01-01,2026,10.1007/s11661-025-08069-9,0,"[{'@_fa': 'true', 'affilname': 'Imperial College London', 'affiliation-city': 'London', 'affiliation-country': 'United Kingdom'}, {'@_fa': 'true', 'affilname': 'A. James Clark School of Engineering', 'affiliation-city': 'College Park', 'affiliation-country': 'United States'}, {'@_fa': 'true', 'affilname': 'University of New South Wales, School of Materials Science and Engineering', 'affiliation-city': 'Kensington', 'affiliation-country': 'Australia'}]",Journal,ar,Article,0,False,15431940,,,
true,https://api.elsevier.com/content/abstract/scopus_id/105027474556,2-s2.0-105027474556,Inconel 625/Al2O3 functionally graded materials manufactured by directed energy deposition,Yu H.Y.,Journal of Materials Research and Technology,22387854,40,3509-3520,2026-01-01,January - February 2026,10.1016/j.jmrt.2026.01.064,0,"[{'@_fa': 'true', 'affilname': 'Tohoku University', 'affiliation-city': 'Sendai', 'affiliation-country': 'Japan'}, {'@_fa': 'true', 'affilname': 'Pusan National University', 'affiliation-city': 'Busan', 'affiliation-country': 'South Korea'}, {'@_fa': 'true', 'affilname': 'Pohang University of Science and Technology', 'affiliation-city': 'Pohang', 'affiliation-country': 'South Korea'}, {'@_fa': 'true', 'affilname': 'Gyeongsang National University', 'affiliation-city': 'Jinju', 'affiliation-country': 'South Korea'}, {'@_fa': 'true', 'affilname': 'Kyungnam University', 'affiliation-city': 'Changwon', 'affiliation-country': 'South Korea'}]",Journal,ar,Article,1,True,22140697,"{'value': [{'$': 'all'}, {'$': 'publisherfullgold'}]}","{'value': [{'$': 'All Open Access'}, {'$': 'Gold'}]}",
true,https://api.elsevier.com/content/abstract/scopus_id/105025428987,2-s2.0-105025428987,Nanoscale ordering of gamma prime L12 precipitates in as-built additively manufactured Haynes 282 alloy,Shukla A.,Materials Today Communications,,50,,2026-01-01,January 2026,10.1016/j.mtcomm.2025.114518,0,"[{'@_fa': 'true', 'affilname': 'Indian Institute of Technology Madras', 'affiliation-city': 'Chennai', 'affiliation-country': 'India'}]",Journal,ar,Article,1,True,23524928,"{'value': [{'$': 'all'}, {'$': 'publisherhybridgold'}]}","{'value': [{'$': 'All Open Access'}, {'$': 'Hybrid Gold'}]}",
true,https://api.elsevier.com/content/abstract/scopus_id/105027143359,2-s2.0-105027143359,Effect of carbon content and heat treatment on the tensile properties of additive manufactured superalloys ZGH98M,Zhao Y.,Journal of Materials Research,08842914,,,2026-01-01,2026,10.1557/s43578-025-01772-8,0,"[{'@_fa': 'true', 'affilname': 'University of Auckland', 'affiliation-city': 'Auckland', 'affiliation-country': 'New Zealand'}, {'@_fa': 'true', 'affilname': 'Institute of Metal Research Chinese Academy of Sciences', 'affiliation-city': 'Shenyang', 'affiliation-country': 'China'}, {'@_fa': 'true', 'affilname': 'Liaoning Petrochemical University', 'affiliation-city': 'Fushun', 'affiliation-country': 'China'}]",Journal,ar,Article,0,False,20445326,,,
true,https://api.elsevier.com/content/abstract/scopus_id/105025663845,2-s2.0-105025663845,Significantly enhanced creep resistance in Ni-based superalloy by 3D-printed cellular structure,Li G.,Materials Characterization,10445803,231,,2026-01-01,January 2026,10.1016/j.matchar.2025.115940,0,"[{'@_fa': 'true', 'affilname': 'School of Mechanical Engineering, Beijing Institute of Technology', 'affiliation-city': 'Beijing', 'affiliation-country': 'China'}, {'@_fa': 'true', 'affilname': 'School of Materials Science & Engineering, Beijing Institute of Technology', 'affiliation-city': 'Beijing', 'affiliation-country': 'China'}, {'@_fa': 'true', 'affilname': 'Beijing Beiye Functional Materials Corporation', 'affiliation-city': 'Beijing', 'affiliation-country': 'China'}, {'@_fa': 'true', 'affilname': 'Tangshan Research Institute', 'affiliation-city': 'Tangshan', 'affiliation-country': 'China'}]",Journal,ar,Article,0,False,,,,
true,https://api.elsevier.com/content/abstract/scopus_id/105026353566,2-s2.0-105026353566,"Precise tailoring of manufacturing processes for superalloys: strategy, methodology and validation",Zheng L.,Journal of Aeronautical Materials,10055053,45,1-25,2025-10-01,1 October 2025,10.11868/j.issn.1005-5053.2025.000158,0,"[{'@_fa': 'true', 'affilname': 'Beijing Institute of Aeronautical Materials', 'affiliation-city': 'Beijing', 'affiliation-country': 'China'}]",Journal,ar,Article,0,False,,,,5
true,https://api.elsevier.com/content/abstract/scopus_id/105025533130,2-s2.0-105025533130,Research progress in microstructure，defects and mechanical properties of IN718 superalloy thin wall fabricated by laser powder bed fusion,Yang P.,Journal of Aeronautical Materials,10055053,45,78-92,2025-10-01,1 October 2025,10.11868/j.issn.1005-5053.2025.000080,0,"[{'@_fa': 'true', 'affilname': 'Northwestern Polytechnical University', 'affiliation-city': ""Xi'an"", 'affiliation-country': 'China'}, {'@_fa': 'true', 'affilname': 'State Key Laboratory of Solidification Processing', 'affiliation-city': ""Xi'an"", 'affiliation-country': 'China'}]",Journal,ar,Article,0,False,,,,5
true,https://api.elsevier.com/content/abstract/scopus_id/105025665738,2-s2.0-105025665738,Effect of pulse frequency on microstructure and properties of laser additive manufactured Inconel 718,Su Y.,Journal of Materials Research and Technology,22387854,38,3087-3099,2025-09-01,September - October 2025,10.1016/j.jmrt.2025.08.182,0,"[{'@_fa': 'true', 'affilname': 'Qilu University of Technology', 'affiliation-city': 'Jinan', 'affiliation-country': 'China'}, {'@_fa': 'true', 'affilname': 'Shandong Institute of Mechanical Design and Research', 'affiliation-city': 'Jinan', 'affiliation-country': 'China'}]",Journal,ar,Article,1,True,22140697,"{'value': [{'$': 'all'}, {'$': 'publisherfullgold'}]}","{'value': [{'$': 'All Open Access'}, {'$': 'Gold'}]}",
true,https://api.elsevier.com/content/abstract/scopus_id/105025404656,2-s2.0-105025404656,Improved Inconel 718 superalloy repaired performance on 304 stainless steel shafts via recrystallization and Laves phase suppression in hybrid additive-subtractive manufacturing,Li Y.,Journal of Materials Research and Technology,22387854,37,3289-3302,2025-07-01,July - August 2025,10.1016/j.jmrt.2025.07.011,4,"[{'@_fa': 'true', 'affilname': 'Xiamen University', 'affiliation-city': 'Xiamen', 'affiliation-country': 'China'}, {'@_fa': 'true', 'affilname': 'Huaqiao University', 'affiliation-city': 'Quanzhou', 'affiliation-country': 'China'}]",Journal,ar,Article,1,True,22140697,,,
true,https://api.elsevier.com/content/abstract/scopus_id/105025477250,2-s2.0-105025477250,Effect of process parameters on microstructure and properties of Inconel-718 superalloy fabricated by wire-arc direct energy deposition technique,Shi J.,Journal of Materials Research and Technology,22387854,37,173-185,2025-07-01,July - August 2025,10.1016/j.jmrt.2025.06.026,3,"[{'@_fa': 'true', 'affilname': 'Nanjing University of Aeronautics and Astronautics', 'affiliation-city': 'Nanjing', 'affiliation-country': 'China'}, {'@_fa': 'true', 'affilname': 'RMIT University', 'affiliation-city': 'Melbourne', 'affiliation-country': 'Australia'}, {'@_fa': 'true', 'affilname': 'Marmara Üniversitesi', 'affiliation-city': 'Istanbul', 'affiliation-country': 'Turkey'}, {'@_fa': 'true', 'affilname': 'JITRI Institute of Precision Manufacturing', 'affiliation-city': 'Nanjing', 'affiliation-country': 'China'}]",Journal,ar,Article,1,True,22140697,,,
true,https://api.elsevier.com/content/abstract/scopus_id/105025474400,2-s2.0-105025474400,Thermo-mechanical fatigue behaviour of an additively manufactured nickel-based superalloy: Experiments and crystal plasticity modeling,Zhang L.,Journal of Materials Research and Technology,22387854,37,4782-4799,2025-07-01,July - August 2025,10.1016/j.jmrt.2025.07.138,2,"[{'@_fa': 'true', 'affilname': 'Nanjing University of Aeronautics and Astronautics', 'affiliation-city': 'Nanjing', 'affiliation-country': 'China'}, {'@_fa': 'true', 'affilname': 'Harbin Engineering University', 'affiliation-city': 'Harbin', 'affiliation-country': 'China'}, {'@_fa': 'true', 'affilname': 'Ministry of Industry and Information Technology', 'affiliation-city': 'Beijing', 'affiliation-country': 'China'}]",Journal,ar,Article,1,True,22140697,,,
true,https://api.elsevier.com/content/abstract/scopus_id/105025730007,2-s2.0-105025730007,In-situ TiC particle-reinforced Hastelloy X superalloy fabricated by laser additive manufacturing,Wang C.,Journal of Materials Research and Technology,22387854,36,1511-1521,2025-05-01,May - June 2025,10.1016/j.jmrt.2025.03.161,12,"[{'@_fa': 'true', 'affilname': 'Yantai University', 'affiliation-city': 'Yantai', 'affiliation-country': 'China'}, {'@_fa': 'true', 'affilname': 'Ltd', 'affiliation-city': 'Shenzhen', 'affiliation-country': 'China'}]",Journal,ar,Article,1,True,22140697,,,
true,https://api.elsevier.com/content/abstract/scopus_id/105025402521,2-s2.0-105025402521,On the stray grains in single-crystal Ni-based superalloy by additive manufacturing: formation mechanism and elimination strategy,Yang Z.,Journal of Materials Research and Technology,22387854,36,7125-7134,2025-05-01,May - June 2025,10.1016/j.jmrt.2025.04.326,2,"[{'@_fa': 'true', 'affilname': 'Institute of Metal Research Chinese Academy of Sciences', 'affiliation-city': 'Shenyang', 'affiliation-country': 'China'}, {'@_fa': 'true', 'affilname': 'ShanghaiTech University', 'affiliation-city': 'Shanghai', 'affiliation-country': 'China'}]",Journal,ar,Article,1,True,22140697,,,
true,https://api.elsevier.com/content/abstract/scopus_id/105025696591,2-s2.0-105025696591,High-temperature alloys: Recent advances from conventional alloys to complex concentrated systems,Li Y.,Journal of Materials Research and Technology,22387854,36,3298-3318,2025-05-01,May - June 2025,10.1016/j.jmrt.2025.04.027,10,"[{'@_fa': 'true', 'affilname': 'Northwestern Polytechnical University', 'affiliation-city': ""Xi'an"", 'affiliation-country': 'China'}, {'@_fa': 'true', 'affilname': 'Chongqing University', 'affiliation-city': 'Chongqing', 'affiliation-country': 'China'}, {'@_fa': 'true', 'affilname': 'Kunming University of Science and Technology', 'affiliation-city': 'Kunming', 'affiliation-country': 'China'}, {'@_fa': 'true', 'affilname': 'Anshun University', 'affiliation-city': 'Anshun', 'affiliation-country': 'China'}]",Journal,ar,Article,1,True,22140697,,,
true,https://api.elsevier.com/content/abstract/scopus_id/105026128969,2-s2.0-105026128969,"Forming quality, microstructure, and ductility-oriented mechanical performance of laser powder bed fusion processed Ni-based superalloy using different thermal input modes",Sun J.,Journal of Materials Research and Technology,22387854,36,9556-9571,2025-05-01,May - June 2025,10.1016/j.jmrt.2025.05.208,1,"[{'@_fa': 'true', 'affilname': 'Nanjing University of Aeronautics and Astronautics', 'affiliation-city': 'Nanjing', 'affiliation-country': 'China'}]",Journal,ar,Article,1,True,22140697,,,
true,https://api.elsevier.com/content/abstract/scopus_id/105025682649,2-s2.0-105025682649,High temperature low-cycle fatigue behaviors of post-treated GH3536 superalloy manufactured by laser powder bed fusion,Ni H.,Journal of Materials Research and Technology,22387854,36,3807-3817,2025-05-01,May - June 2025,10.1016/j.jmrt.2025.04.049,2,"[{'@_fa': 'true', 'affilname': 'University of Shanghai for Science and Technology', 'affiliation-city': 'Shanghai', 'affiliation-country': 'China'}, {'@_fa': 'true', 'affilname': 'AECC Hunan Aviation Powerplant Research Institute', 'affiliation-city': 'Zhuzhou', 'affiliation-country': 'China'}, {'@_fa': 'true', 'affilname': 'Center of Electron Microscopy', 'affiliation-city': 'Hangzhou', 'affiliation-country': 'China'}, {'@_fa': 'true', 'affilname': 'Suzhou Laboratory', 'affiliation-city': 'Suzhou', 'affiliation-country': 'China'}]",Journal,ar,Article,1,True,22140697,,,
true,https://api.elsevier.com/content/abstract/scopus_id/105025433975,2-s2.0-105025433975,Improving the hot corrosion resistance of precipitation strengthened nickel-based superalloy formed by laser powder bed fusion at 750 °C via tailoring microstructure,Hua S.,Journal of Materials Research and Technology,22387854,36,10131-10142,2025-05-01,May - June 2025,10.1016/j.jmrt.2025.05.129,3,"[{'@_fa': 'true', 'affilname': 'Lanzhou University of Technology', 'affiliation-city': 'Lanzhou', 'affiliation-country': 'China'}, {'@_fa': 'true', 'affilname': 'Tianshui Normal University', 'affiliation-city': 'Tianshui', 'affiliation-country': 'China'}, {'@_fa': 'true', 'affilname': 'Henan Academy of Sciences', 'affiliation-city': 'Zhengzhou', 'affiliation-country': 'China'}]",Journal,ar,Article,1,True,22140697,,,
true,https://api.elsevier.com/content/abstract/scopus_id/105025880397,2-s2.0-105025880397,Simultaneous improvement of low-cycle and high-cycle fatigue performance of LPBF IN718 alloy via pre-aging laser polishing,Zhang Q.,Virtual and Physical Prototyping,17452759,20,,2025-01-01,2025,10.1080/17452759.2025.2589473,0,"[{'@_fa': 'true', 'affilname': 'Beihang University', 'affiliation-city': 'Beijing', 'affiliation-country': 'China'}, {'@_fa': 'true', 'affilname': 'Beijing Hangxing Machinery Manufacturing Co. Ltd', 'affiliation-city': 'Beijing', 'affiliation-country': 'China'}]",Journal,ar,Article,1,True,17452767,"{'value': [{'$': 'all'}, {'$': 'publisherfullgold'}]}","{'value': [{'$': 'All Open Access'}, {'$': 'Gold'}]}",1
true,https://api.elsevier.com/content/abstract/scopus_id/105026629761,2-s2.0-105026629761,Optimization of selective laser melting parameters and post-processing for enhanced mechanical properties of IN718 superalloy,Kurre P.K.R.,Rapid Prototyping Journal,13552546,,1-17,2025-01-01,2025,10.1108/RPJ-07-2025-0292,0,"[{'@_fa': 'true', 'affilname': 'Indian Institute of Technology Bombay', 'affiliation-city': 'Mumbai', 'affiliation-country': 'India'}, {'@_fa': 'true', 'affilname': 'K L Deemed to be University', 'affiliation-city': 'Vaddeswaram', 'affiliation-country': 'India'}, {'@_fa': 'true', 'affilname': 'SRM University-AP', 'affiliation-city': 'Mangalagiri', 'affiliation-country': 'India'}, {'@_fa': 'true', 'affilname': 'Liquid Propulsion Systems Centre, Valiamala', 'affiliation-city': 'Thiruvananthapuram', 'affiliation-country': 'India'}]",Journal,ar,Article,0,False,,,,
